0.0,0.0,0.0,0.0,0.0,0.0
-3.080372535508295e-09,0.0002893920049929997,-0.00032328913623523066,3.389609818223387e-05,-3.080372535508319e-09,1.0330599971422872e-09
-6.437977264351245e-08,0.0012218770880577645,-0.0013649977130433574,0.00014309903393044037,-6.437977264351247e-08,2.159105515259549e-08
-3.543450700685027e-07,0.0027974524010762874,-0.0031251165339969966,0.00032754529633859087,-3.543450700685022e-07,1.1883658211868709e-07
-1.166634666604667e-06,0.0050161059400610185,-0.005603606883949177,0.0005871096922621354,-1.1666346666046457e-06,3.9125162602210744e-07
-2.9181069899331363e-06,0.007877805171692932,-0.008800363899167687,0.0009215801009328525,-2.9181069899328157e-06,9.786265418988945e-07
-6.148790145463035e-06,0.011382480856829899,-0.012715164479412257,0.001330621591483549,-6.1487901454603485e-06,2.062031098774497e-06
-1.152181803359972e-05,0.015530006089048377,-0.017347599796503577,0.001813729953791423,-1.152181803358313e-05,3.863753663550763e-06
-1.9823313921518652e-05,0.020320170585620845,-0.022696992512385432,0.00237017473625751,-1.9823313921434735e-05,6.6471905059087785e-06
-3.196219827613428e-05,0.02575265029843395,-0.02876229891070568,0.0029989319490503026,-3.196219827578024e-05,1.0716663216473988e-05
-4.896989372581904e-05,0.03182697245546655,-0.03554199627638866,0.0036986066824761603,-4.896989372453511e-05,1.641713842796758e-05
-7.199989647483905e-05,0.038542476201550685,-0.043033956033618155,0.004467346011480256,-7.199989647072709e-05,2.4133820529575696e-05
-0.00010232718054895282,0.04589826908177334,-0.05123530337893028,0.005302742711966856,-0.00010232718053707207,3.429158502346954e-05
-0.00014134739915818854,0.05389317970293598,-0.060142264425712424,0.006201730504549789,-0.00014134739912670402,4.735421778498532e-05
-0.0001905758465289204,0.06252570701795479,-0.06975000220970268,0.007160471766670912,-0.00019057584645140163,6.382342398936978e-05
-0.0002516461441298894,0.07179396680373992,-0.08005244328903609,0.008174238912655497,-0.00025164614395074353,8.423757012684699e-05
-0.0003263086176706048,0.08169563604220974,-0.09104209709961956,0.009237290928275922,-0.00032630861727880715,0.00010917012363525809
-0.0004164283359630609,0.09222789606215695,-0.10270987068462958,0.010342746853481743,-0.00041642833514670676,0.0001392277575317792
-0.0005239827900549813,0.10338737545016533,-0.11504488188743187,0.011482458322089854,-0.000523982788425475,0.00017504809229844704
-0.0006510592012362304,0.11517009388306347,-0.12803427455589156,0.012646883574471248,-0.0006510591981058519,0.00021729705439493957
-0.0007998514597354988,0.12757140816190402,-0.1416630397227641,0.013824965638967134,-0.000799851453925322,0.0002666658402715795
-0.0009726567121278127,0.14058596182596808,-0.15591384706673014,0.015004017607213989,-0.0009726567016741313,0.00032386748664137155
-0.0011718716343987363,0.15420763978167723,-0.17076689118383026,0.01616961808322089,-0.0011718716161148832,0.00038963306187845523
-0.0013999884487183943,0.16842952938248038,-0.18619975727156454,0.017305519941362497,-0.0013999884175547614,0.00046470750937657425
-0.0016595907644320284,0.18324388933006192,-0.2021873107132177,0.01839357546217748,-0.0016595907125597884,0.0005498451909399324
-0.001953349346449674,0.19864212762575542,-0.21870161472117097,0.019413680709764947,-0.0019533492619728254,0.0006458051959871005
-0.0022840179357475586,0.21461478957942623,-0.2357118796402565,0.02034374166123935,-0.0022840178009231366,0.0007533464995341342
-0.0026544292655508576,0.231151556582698,-0.2531844467267798,0.021159664098059215,-0.0026544290543681777,0.0008732230674621157
-0.003067491431389229,0.2482412559824209,-0.27108280822573383,0.02183536863412209,-0.0030674911063256374,0.001006179020298398
-0.0035261847821586438,0.26587188196400346,-0.28936766440791367,0.022342831512099183,-0.003526184289891222,0.0011529439755447602
-0.004033559501424895,0.2840306268945583,-0.3079970169587793,0.022652150985246804,-0.004033558767234803,0.0013142286925464988
-0.004592734042745553,0.30270392210985586,-0.3269262968056111,0.022731638264006846,-0.004592732963303986,0.001490721142386922
-0.005206894569610629,0.3218774866869157,-0.34610852321125946,0.022547931197746698,-0.0052068930037825435,0.0016830831180708744
-0.00587929553018053,0.3415363823559412,-0.36549448983521526,0.02206612813517225,-0.005879293287424244,0.00189194748752626
-0.006613261470432463,0.36166507239852513,-0.38503297254209085,0.021249938810567026,-0.0066132582963093905,0.0021179161743417195
-0.007412190158261205,0.3822474821752047,-0.4046709530847846,0.020061848675378472,-0.0074121857165001465,0.0023615589296976216
-0.008279557057571456,0.40326705883808345,-0.4243538524438724,0.018463292860134175,-0.008279550908055067,0.002623412934950673
-0.009218921157717698,0.42470682781769636,-0.44402576757996304,0.016414835918291817,-0.009218912729674315,0.0029039832492671535
-0.010233932132076812,0.44654944382253037,-0.46362970563979344,0.013876353662879263,-0.010233920691667413,0.0032037440920362715
-0.011328338772179968,0.46877723434118995,-0.4831078102141467,0.010807213735190457,-0.011328323383566215,0.0035231409268620664
-0.012505998622451399,0.49137223397120416,-0.5024015750222546,0.007166452007216714,-0.012505978101314666,0.003862593293797431
-0.01377088872654114,0.5143162082909869,-0.5214520413275057,0.0029129424733928566,-0.013770861584891983,0.004222498319874676
-0.015127117390378307,0.5375906664172223,-0.5401999764028852,-0.001994441112591881,-0.01512708177134833,0.004603234825256529
-0.01657893686986871,0.5611768618248045,-0.5585860313939661,-0.007596672997255024,-0.016578890471009338,0.005005167933468653
-0.018130756902734323,0.5850557814293993,-0.5765508779128424,-0.013934433156997035,-0.01813069688615585,0.005428654088852362
-0.019787159024238398,0.6092081233271116,-0.594035323590477,-0.021047975070582866,-0.019787081911703686,0.0058740463820231405
-0.02155291163526299,0.6336142639401612,-0.6109804075838099,-0.028977003193213485,-0.021552813186098634,0.006341700084006974
-0.023432985828243207,0.65825421562541,-0.6273274776581008,-0.03776055947702468,-0.02343286089764045,0.006831978291048961
-0.02543257202179637,0.6831075760621914,-0.6430182509378651,-0.04743691807257082,-0.025432414396738,0.00734525758404546
-0.027557097508721057,0.7081534709489402,-0.657994860745942,-0.05804348723582049,-0.027556899718379897,0.007881933608403436
-0.029812245084870206,0.7333704917091366,-0.6721998921426757,-0.06961671744632082,-0.02981199818186963,0.00844242648124461
-0.03220397299901942,0.7587366300422319,-0.6855764088548061,-0.08219201480131151,-0.0322036663074134,0.00902718593274298
-0.03473853654736289,0.7842292112614916,-0.6980679742688911,-0.09580365887188245,-0.034738157372566934,0.00963669608664539
-0.03742251173207572,0.8098248284451011,-0.7096186690810865,-0.11048472437348407,-0.037422045027240974,0.010271479781441465
-0.04026282151314869,0.8354992794960197,-0.7201731080683452,-0.12626700619629302,-0.0402622494955956,0.010932102328103759
-0.04326676530832896,0.8612275092657964,-0.7296764582995904,-0.14318094754304342,-0.04326606701861323,0.011619174592785822
-0.04644205253957802,0.8869835589529783,-0.7380744609623782,-0.16125557111497557,-0.04644120333451402,0.012333355283381984
-0.049796841188242826,0.9127405250422361,-0.7453134588635894,-0.18051841345259081,-0.04979581215770939,0.013075352307479932
-0.053339782507506525,0.9384705301099937,-0.7513404315941996,-0.20099546265880447,-0.05333853980304981,0.013845923056020889
-0.057080073252122214,0.9641447078902059,-0.7561030403511495,-0.22271109978920087,-0.057078577313176525,0.014645873451901058
-0.06102751702446478,0.9897332050746865,-0.7595496845082981,-0.24568804416775042,-0.061025721685342045,0.015476055585658939
-0.06519259660505936,1.015205202421815,-0.7616295722504138,-0.26994730275539985,-0.0651904480625994,0.016337363740965904
-0.06958655943726128,1.04052895787314,-0.7622928079598443,-0.2955081234402517,-0.06958399505504237,0.017230728590282636
-0.07422151877144047,1.0656718745393203,-0.7614904996102148,-0.3223879517060024,-0.07421846569154919,0.018157109314835388
-0.0791105733444701,1.0906005966278363,-0.7591748902160129,-0.35060238954151063,-0.07910694687179837,0.019117483371656193
-0.08426794887379323,1.1152811366608988,-0.7552995184577176,-0.38016515464750267,-0.08426365059040111,0.020112833591978258
-0.089709165075665,1.1396790376918229,-0.7498194150008398,-0.4110880369426318,-0.08970408063358715,0.021144132247380296
-0.0954512323600784,1.1637595746923823,-0.7426913428083591,-0.44338084803520694,-0.09544522888966175,0.022212321659755667
-0.10151288278186253,1.1874879998722352,-0.7338740919616985,-0.4770513576750812,-0.10150580583882565,0.023318290854944163
-0.1079148401854205,1.210829837418678,-0.7233288421954891,-0.5121052092053652,-0.10790651014277065,0.02446284766388422
-0.11468013467498517,1.233751234010865,-0.7110196095255689,-0.5485458036850641,-0.11467034244510395,0.025646685555711275
-0.12183446640952734,1.2562193724384993,-0.6969137969565536,-0.586374139673867,-0.12182296835650942,0.026870344341608204
-0.12940662298469768,1.2782029566593986,-0.6809828731314984,-0.6255885927427013,-0.1293931348568494,0.028134163716200474
-0.13742895286307463,1.2996727774910484,-0.6632032065741228,-0.6661846157885705,-0.13741314254007117,0.02943822840994229
-0.14593789369494475,1.320602368526129,-0.6435570861939658,-0.7081543385578827,-0.14591937250387693,0.030782303526252146
-0.15497454772036323,1.3409687612303876,-0.6220339597808396,-0.7514860430736084,-0.15495286003145586,0.03216575846384808
-0.1645852848362536,1.3607533455956633,-0.5986319193148718,-0.7961634920160154,-0.1645598956065917,0.033587477741024344
-0.1748223343725595,1.3799428367134914,-0.5733594518932048,-0.8421650912783714,-0.17479261427339893,0.03504575715860523
-0.1857442946833002,1.3985303359849108,-0.546237453114473,-0.8894628785769821,-0.18570950244000062,0.03653818425839461
-0.19741643894108504,1.4165164552142675,-0.5173014589731215,-0.9380213509720849,-0.19737570056399095,0.038061503278464325
-0.209910617629222,1.433910438364097,-0.4866039835911832,-0.9877961805246316,-0.2098629023693401,0.03961146728778444
-0.22330444376834047,1.4507311645097942,-0.4542167430268999,-1.0387329249122055,-0.223248536974688,0.04118268466221756
-0.23767928944227953,1.4670078427830993,-0.4202323915305075,-1.0907659234807225,-0.23761376315035126,0.042768474570887186
-0.2531164282815749,1.4827801171183304,-0.38476519785419117,-1.1438176783294847,-0.2530396114887135,0.04436075782570338
-0.2696904689633208,1.4980971998954742,-0.3479498745172961,-1.1977991397836951,-0.26960042132550815,0.045950026002105994
-0.2874591502749025,1.51301559037034,-0.3099376259609857,-1.252611402451887,-0.28735364548709647,0.04752545195273014
-0.3064488326008957,1.527594990246888,-0.27088857328167726,-1.3081492827851573,-0.306325360792913,0.04907522277608125
-0.3266359676863782,1.5418923352829832,-0.2309603087032781,-1.3643069532358116,-0.3264917688981913,0.05058717747773248
-0.3479267879425882,1.5559545482869306,-0.19029369737907897,-1.4209851122050432,-0.34775892920242557,0.05204979123647099
-0.37014033108947914,1.5698116685828463,-0.14899915133255362,-1.4780980817926337,-0.3699458349386863,0.053453440203914
-0.39300254488116676,1.583473033755977,-0.10714867496514334,-1.5355781393707713,-0.3927785650506916,0.05479170679481235
-0.41615917259174506,1.596929325885792,-0.0647793192169519,-1.593374176129646,-0.4159031942599251,0.056062316603378216
-0.4392101037330598,1.6101616931702658,-0.02191056357183427,-1.6514433269672328,-0.4389201289238861,0.057267277322507484
-0.46175869495527694,1.6231560107550236,0.02142808867350398,-1.7097373839320438,-0.4614333694925445,0.05841203015657439
-0.48346155704287314,1.6359174493325124,0.06516882408578628,-1.7681888007520563,-0.4831002103785185,0.05950384967934642
-0.5040636036725863,1.6484800726774402,0.10918705232935726,-1.826701659394188,-0.5036662006322471,0.06055006489342604
-0.523410538084719,1.6609086163894675,0.15329849884180308,-1.8851505719878119,-0.5229775669157445,0.061556685286573355
-0.541440852118665,1.673293088225063,0.1972706293721994,-1.9433869178002348,-0.5409731842612617,0.06252773111801112
-0.558165584401038,1.6857391540403304,0.24084246198145784,-2.001249353824341,-0.5576643372831125,0.06346522456880939
-0.5736446753007047,1.6983576351722773,0.2837460253013761,-2.0585750886527743,-0.5731110974082206,0.0643695987254152
-0.5879659021656576,1.711255478215772,0.3257246365516157,-2.1152093854872156,-0.5874012874497392,0.0652402593442181
-0.6012289603798903,1.7245292713834426,0.3665457926636466,-2.171012131646171,-0.6006345907666959,0.06607611382406786
-0.6135348568833002,1.7382613960149338,0.4060085102750098,-2.2258613996389816,-0.612911967682792,0.06687597878984515
-0.6249796384921168,1.7525183721191173,0.4439460682081447,-2.2796545301925706,-0.6243294005840042,0.0676388485197255
-0.6356512035006212,1.767350786168249,0.4802254752763703,-2.332307471618586,-0.6349747168445937,0.06836404359118238
-0.6456280975473734,1.7827942244361223,0.5147449146187604,-2.383753071654112,-0.6449263917849981,0.06905127146175526
-0.654979477667366,1.7988707554573093,0.5474301550304201,-2.433938872675799,-0.6542535168013537,0.06970062953687026
-0.6637656976948273,1.8155906396669166,0.5782306236132507,-2.482824794218667,-0.6630163868279749,0.07031257481149752
-0.6720391753295021,1.8329540601797008,0.6071155763787248,-2.5303809403708204,-0.6712673681796721,0.07088787692925673
-0.6798453435415246,1.8509527560127126,0.6340706083103393,-2.5765856584303832,-0.6790518499551802,0.0714275654043401
-0.6872235798571299,1.8695714990605306,0.6590946104708783,-2.6214238990089265,-0.6864091728772374,0.07193287728548718
-0.6942080618728239,1.8887893942162295,0.6821971974789139,-2.6648858802056266,-0.6933734841288177,0.07240520855725628
-0.700828528744909,1.908581004260817,0.703396580563603,-2.7069660318525917,-0.6999744980631976,0.07284607072279826
-0.707110945394071,1.9289173127361934,0.7227178375766774,-2.7476621832790564,-0.7062381596060476,0.0732570529452203
-0.7130780746612928,1.9497665429269635,0.7401915227081289,-2.7869749542595166,-0.7121872156314946,0.07363978956228244
-0.7187499663364286,1.971094852071924,0.7558525588280021,-2.8249073100594253,-0.7178417032589709,0.0739959325321089
-0.7241443730647763,1.992866918828334,0.7697393601532754,-2.861464245310612,-0.7232193650894777,0.07432712828331825
-0.7292771029031975,2.0150464399566106,0.7818931397026038,-2.8966525663140565,-0.7283360011588031,0.07463499844837877
-0.7341623174666522,2.0375965498477706,0.7923573632271852,-2.930480746397818,-0.7332057665502051,0.07492112400468806
-0.7388127835675661,2.0604801742456393,0.801177318171007,-2.9629588336836585,-0.7378414225680334,0.07518703240626155
-0.7432400852026425,2.0836603274971144,0.8083997723292745,-2.9940983948208504,-0.7422545483243839,0.07543418734586378
-0.7474548017761957,2.1071003609620083,0.8140727021044785,-3.023912481860053,-0.7464557186243508,0.07566398083674723
-0.7514666575996789,2.1307641688321346,0.8182450746090949,-3.0524156124733404,-0.7504546531854188,0.07587772734314548
-0.7552846469780958,2.154616356518761,0.8209666714054868,-3.079623756226311,-0.754260341497126,0.076076659719859
-0.7589171385757775,2.1786223759260963,0.822287944508871,-3.10555432163777,-0.7578811470086614,0.07626192674523462
-0.7623719622316879,2.202748631290694,0.8222598975157607,-3.1302261403871476,-0.7613248938096004,0.07643459205041983
-0.7656564809522821,2.2269625587896793,0.8209339864597542,-3.1536594463111416,-0.7645989385267925,0.07659563426269682
-0.7687776504335704,2.2512326827666937,0.8183620363295506,-3.1758758478241185,-0.7677102297840923,0.07674594819340697
-0.7717420681412068,2.275528651161666,0.8145961701885432,-3.196898293149543,-0.7706653572489326,0.07688634691254485
-0.774556013698216,2.2998212525332833,0.8096887485767704,-3.2167510283031766,-0.7734705920107304,0.07701756456326456
-0.7772254820866014,2.3240824169113385,0.8036923174086659,-3.235459548158149,-0.7761319197930273,0.07714025978073345
-0.7797562109555792,2.348285202594713,0.7966595629484892,-3.253050541177065,-0.7786550682880887,0.07725501959117603
-0.7821537031410076,2.3724037709084183,0.7886432726859524,-3.269551828542659,-0.781045529714876,0.07736236367857813
-0.7844232453342859,2.396413350842001,0.7796963010771695,-3.2849922984780138,-0.7833085795354042,0.07746274891825569
-0.7865699236919325,2.4202901954061495,0.7698715391850558,-3.299401836538962,-0.7854492921178239,0.07755657408813887
-0.7885986370471042,2.444011531460975,0.7592218872689255,-3.312811252601515,-0.7874725540050306,0.07764418467996392
-0.7905141082697837,2.4675555046857856,0.7478002293522638,-3.3252522051703837,-0.7893830753334585,0.07772587774337526
-0.7923208942217536,2.4909011212746828,0.7356594087549752,-3.336757123513751,-0.7911853998464777,0.07780190670602212
-0.794023394664476,2.5140281878538864,0.7228522035245135,-3.3473591279957366,-0.7928839138591696,0.07787248612191869
-0.7956258604014194,2.536917251024396,0.7094313006504555,-3.357091948841717,-0.7944828544549976,0.07793779630850847
-0.7971324008700797,2.559549537836448,0.6954492679095081,-3.3659898434420144,-0.7959863171288891,0.07799798783995635
-0.7985469913419321,2.5819068983992106,0.680958522171981,-3.374087512184608,-0.7973982630344871,0.07805318587016637
-0.7998734798398205,2.6039717517190124,0.6660112930148552,-3.3814200127147718,-0.7987225259448356,0.07810349426390975
-0.801115593841044,2.625727035740882,0.6506595805382136,-3.3880226724551186,-0.7999628189946975,0.07814899951831429
-0.8022769467998039,2.647156162440001,0.6349551063772093,-3.3939309991885227,-0.8011227412382795,0.07818977445991394
-0.8033610444941358,2.668242978670805,0.6189492570455081,-3.3991805895125102,-0.8022057840277299,0.07822588170462423
-0.8043712911793837,2.688971733331293,0.6026930189408403,-3.4038070350191014,-0.8032153371948078,0.07825737686955246
-0.8053109955122423,2.7093270512386023,0.5862369045888666,-3.407845826138943,-0.8041546950001737,0.07828431152665297
-0.8061833761960537,2.729293913940066,0.5696308699949527,-3.4113322537110196,-0.80502706180146,0.07830673588908134
-0.8069915672890904,2.748857647503695,0.5529242233081714,-3.4143013084949954,-0.8058355573823586,0.07832470122187901
-0.8077386231127697,2.7680039171465483,0.5361655253677959,-3.416787579025671,-0.806583221880176,0.07833826196950607
-0.8084275226958798,2.7867187283732355,0.5194024830860642,-3.4188251484091268,-0.8072730202484347,0.078347477593895
-0.8090611736937118,2.8049884341153613,0.5026818370052418,-3.420447490866716,-0.8079078461938745,0.07835241411824741
-0.8096424157271972,2.8227997471925654,0.4860492447327377,-3.4216873690335805,-0.8084905255333688,0.07835314537382512
-0.810174023096356,2.8401397572640246,0.46954916228465654,-3.4225767331991204,-0.8090238189254135,0.07834975394953511
-0.8106587068341216,2.8569959513128764,0.4532247256352314,-3.4231466238244774,-0.8095104239425313,0.07834233184715805
-0.8110991160803374,2.8733562366115803,0.43711763495826744,-3.4234270787741434,-0.8099529764645876,0.07833098084855583
-0.8114978387707915,2.8892089650592125,0.42126804414164337,-3.423447046744955,-0.810354051388001,0.07831581260499207
-0.8118574016518171,2.904542957765772,0.4057144581464801,-3.42323430835893,-0.8107161626614051,0.07829694846265374
-0.8121802696465115,2.919347528785454,0.39049364066429954,-3.422815406303273,-0.8110417626737734,0.07827451904237764
-0.8124688446132597,2.9336125069696197,0.3756405343006126,-3.4222155857525163,-0.8113332410355711,0.07824866359526118
-0.8127254635502957,2.947328255017678,0.36118819519094836,-3.4214587460995367,-0.8115929228064925,0.07821952915907132
-0.8129523963109376,2.9604856849446692,0.34716774355073937,-3.4205674047636236,-0.8118230662341872,0.0781872695429781
-0.8131518429024216,2.9730762693505888,0.33360833119415984,-3.419562673547548,-0.8120258600766453,0.07815204416999164
-0.8133259304466932,2.9850920480595526,0.320537126552914,-3.4184642476966984,-0.8122034205863189,0.07811401680747272
-0.8134767098839804,2.996525629887555,0.30797931720959415,-3.417290407487935,-0.8123577882365162,0.07807335421618561
-0.8136061524995768,3.0073701894862572,0.29595812945660693,-3.416058031859529,-0.8124909242702278,0.07803022474757887
-0.8137161463512422,3.0176194593886043,0.2844948639235953,-3.4147826233008796,-0.812604707148536,0.07798479691738763
-0.8138084926693709,3.0272677175428027,0.27360894590272966,-3.413478342963587,-0.8127009289705335,0.07793723798136494
-0.8138849022950373,3.0363097707587254,0.2633179886563901,-3.412158054742818,-0.8127812919296792,0.0778877125361137
-0.8139469922127422,3.0447409346016094,0.25363786772444114,-3.410833376915356,-0.8128474048632676,0.07783638116477394
-0.8139962822256446,3.0525570103502453,0.24458280406203997,-3.4095147398103562,-0.812900779942697,0.07778339914389336
-0.8140341918118067,3.0597542596907723,0.23616545373236492,-3.408211447929754,-0.8129428295430071,0.07772891522433784
-0.81406203719091,3.0663293778443586,0.22839700184640427,-3.4069317449239405,-0.8129748633211228,0.07767307049573483
-0.8140810286224054,3.072279465830144,0.22128725847550665,-3.4056828798592083,-0.812998085523786,0.0776159973408106
-0.8140922679484155,3.077602002547372,0.21484475435131525,-3.40447117327983,-0.8130135925385387,0.07755781848318163
-0.8140967463881016,3.0822948173265745,0.20907683430057478,-3.403302081662114,-0.813022370694539,0.07749864612976175
-0.8140953425847604,3.0863560635529628,0.20398974652771457,-3.402180258972941,-0.8130252943145667,0.07743858120698845
-0.8140888209026638,3.089784193909485,0.1995887260454143,-3.401109614174371,-0.8130231240153257,0.07737771268857434
-0.8140778299675748,3.0925779377258595,0.19587807075321098,-3.4000933636527577,-0.8130165052500833,0.07731611701144134
-0.8140629014429006,3.094736280855812,0.19286120886892522,-3.399134077690562,-0.8130059670857103,0.0772538575758778
-0.8140444490324713,3.096258448440125,0.1905407566214357,-3.3982337202379456,-0.8129919212052084,0.07719098432573189
-0.8140227677008443,3.097143890849294,0.18891856531212778,-3.3973936813766357,-0.8129746611267167,0.07712753340457337
-0.8139980331026777,3.097392273037631,0.18799575704395477,-3.396614801999166,-0.8129543616306188,0.0770635268841692
-0.8139703012139604,3.0970034674808278,0.1877727486008059,-3.395897390351996,-0.8129310783875985,0.07699897256226937
-0.8139395081595706,3.0959775508113134,0.18824926313640056,-3.395241230211512,-0.8129047477821639,0.07693386382753338
-0.8139054702336221,3.0943148042097457,0.1894243295028588,-3.394645580578895,-0.8128751869281323,0.07686817959038512
-0.8138678841112055,3.092015717555986,0.1912962692167652,-3.3941091668945633,-0.8128420938746864,0.0768018842796101
-0.813826327252281,3.0890809972881956,0.19386267122764198,-3.393630163887398,-0.8128050480037599,0.0767349279055446
-0.813780258500514,3.0855115778633637,0.19712035482301896,-3.3932061702899023,-0.8127635106215149,0.07666724619169767
-0.8137290188815984,3.0813086366560056,0.20106532117817646,-3.3928341757695955,-0.81271682574842,0.07659876077753204
-0.8136718326069518,3.0764736120733898,0.20569269423898723,-3.3925105205503994,-0.812664221113762,0.07652937949585845
-0.8136078082894599,3.071008224605337,0.21099665181400648,-3.3922308483263044,-0.812604809361203,0.07645899672880425
-0.8135359403780225,3.0649145004645812,0.2169703479467548,-3.391990053202915,-0.812537589472066,0.07638749384655269
-0.8134551108169057,3.058194797410665,0.2236058278392294,-3.3917822215395335,-0.8124614484122846,0.07631473973295345
-0.8133640909341973,3.05085183228766,0.23089393679960646,-3.3916005697029648,-0.812375163007235,0.076240591401634
-0.8132615435608828,3.0428887097456117,0.23882422488559832,-3.391437378880796,-0.8122774020459059,0.0761648947053475
-0.8131460253781491,3.0343089515600474,0.2473848491029096,-3.391283928232006,-0.8121667286119566,0.07608748513995177
-0.8130159894854482,3.0251165259162445,0.2565624751869218,-3.3911304277705687,-0.812041602634154,0.07600818874260487
-0.8128697881756249,3.01531587598886,0.26634218113494285,-3.3909659524767326,-0.8119003836424794,0.07592682308149543
-0.8127056758961589,3.0049119471267267,0.2767073647549963,-3.3907783792036423,-0.8117413337089566,0.0758431983317261
-0.8125218123674092,2.9939102119510124,0.28763965754389625,-3.390554327986571,-0.811562620544136,0.07575711842889427
-0.8123162658199965,2.9823166926961093,0.2991188471915844,-3.390279109361256,-0.811362320711434,0.0756683822885513
-0.8120870163043943,2.9701379801694032,0.31112281092138605,-3.389936679250944,-0.8111384229125066,0.07557678507618436
-0.811831959016866,2.9573812487804365,0.32362746171065865,-3.389509602884415,-0.810888831287939,0.0754821195087934
-0.8115489075775618,2.944054267192364,0.33660670919067104,-3.3889790290577855,-0.81061136866923,0.07538417716569458
-0.8112355971893396,2.930165404277877,0.3500324367004829,-3.3883246758524903,-0.8103037797108388,0.07528274978304
-0.8108896876002495,2.9157236302148433,0.36387449557422513,-3.3875248286748416,-0.8099637338254542,0.07517763050387918
-0.8105087657890552,2.9007385127289047,0.37810071728700595,-3.3865563511969152,-0.8095888278420872,0.07506861505356148
-0.8100903482920492,2.885220208674384,0.39267694358912186,-3.385394709465104,-0.8091765883054829,0.07495550280902581
-0.8096318830910325,2.8691794513329674,0.4075670742429334,-3.3840140091152406,-0.8087244733369402,0.07483809773014603
-0.8091307509867619,2.852627533992649,0.42273313146605035,-3.3823870453069826,-0.8082298739810465,0.07471620912184336
-0.8085842663893751,2.8355762905378423,0.43813533970380086,-3.3804853646812445,-0.807690114969999,0.07458965219713991
-0.8079896774670271,2.8180380739264517,0.45373221892790727,-3.3782793383682868,-0.8071024548468719,0.07445824841364802
-0.8073441656057978,2.800025733543006,0.4694806893085906,-3.3757382448441255,-0.8064640854009492,0.07432182555905538
-0.8066448441472633,2.781552592492506,0.4853361848511195,-3.3728303612599033,-0.8057721303815223,0.07418021756482283
-0.8058887563842875,2.76263242593333,0.5012527734363474,-3.369523061759508,-0.8050236434706441,0.07403326403137347
-0.8050728728097812,2.743279441537786,0.5171832806625644,-3.3657829212575554,-0.8042156055094627,0.07388080945232249
-0.8041940876266159,2.7235082631164502,0.5330794149507212,-3.3615758231710275,-0.8033449209861239,0.07372270212958398
-0.8032492145387492,2.703333918350437,0.548891891538091,-3.356867069677383,-0.802408413805059,0.07355879277532211
-0.8022349818532012,2.682771831449203,0.5645705532327236,-3.351621493200542,-0.8014028223669946,0.07338893280055266
-0.8011480269291267,2.6618378213965386,0.5800644861147143,-3.345803567991998,-0.8003247939956049,0.07321297229365878
-0.7999848900133072,2.6405481062713547,0.5953221287301791,-3.3393775208640926,-0.7991708787497799,0.07303075769511949
-0.7987420075004255,2.6189193139397178,0.6102913737091163,-3.3323074403327677,-0.7979375226595193,0.07284212917737745
-0.7974157046510834,2.596968499217366,0.6249196611291546,-3.324557383624719,-0.7966210604180802,0.07264691774105361
-0.7960021877903104,2.574713167403623,0.6391540633258095,-3.316091481187498,-0.7952177075528243,0.07244494204075673
-0.7944975359939299,2.5521713038932665,0.6529413612016294,-3.3068740385010797,-0.7937235520818868,0.07223600495567208
-0.7928976922492508,2.5293614093863117,0.6662281124003991,-3.2968696351188043,-0.7921345456429727,0.07201988992210392
-0.7911984540497096,2.5063025400393495,0.678960711981136,-3.2860432209598107,-0.7904464940538325,0.07179635704736152
-0.7893954633498305,2.4830143517374923,0.6910854464463424,-3.2743602099322664,-0.7886550472308375,0.07156513902698412
-0.7874841957665832,2.459517147513494,0.7025485421497374,-3.2617865709872857,-0.7867556883519251,0.0713259368904538
-0.7854599488652212,2.4358319269999185,0.7132962092332699,-3.248288916690049,-0.784743722102349,0.07107841560438105
-0.7833178293110923,2.411980436670342,0.7232746823270491,-3.23383458935196,-0.7826142617852578,0.07082219956677015
-0.7810527386027576,2.387985219505153,0.732430259296335,-3.2183917447018566,-0.7803622150131657,0.07055686803145411
-0.778659357024868,2.363869662605056,0.7407093393462298,-3.2019294329931185,-0.7779822676197075,0.07028195050815708
-0.776132125370295,2.339658041169052,0.7480584618079354,-3.1844176773560626,-0.7754688653423449,0.06999692219088834
-0.7734652238784913,2.315375557151696,0.7544243469426823,-3.1658275491215293,-0.7728161927243969,0.06970119947543711
-0.7706525477191888,2.2910483708146177,0.7597539401244282,-3.1461312397737586,-0.7700181485671433,0.06939413563552953
-0.7676876782153202,2.2667036232872553,0.7639944608157518,-3.1253021291514256,-0.7670683171277513,0.06907501673659619
-0.7645638488440522,2.2423694481482914,0.7670934578507413,-3.1033148495195846,-0.7639599341040048,0.06874305787593464
-0.7612739048771843,2.2180749699284186,0.7689988727045962,-3.0801453451986833,-0.7606858462693714,0.06839739984817454
-0.7578102553183632,2.1938502873111543,0.7696591126860588,-3.0557709275780573,-0.7572384634183017,0.06803710634522789
-0.7541648155602558,2.1697264386642723,0.7690231363640053,-3.030170325581558,-0.7536097010474663,0.06766116181023789
-0.7503289389145724,2.14573534735991,0.7670405540671238,-3.0033237320160313,-0.7497909119284476,0.06726847007541287
-0.7462933348549261,2.121909744123785,0.7636617470155599,-2.9752128467467736,-0.7457728044144764,0.06685785392415279
-0.7420479714485951,2.0982830633765506,0.7588380096029577,-2.9458209183391713,-0.7415453449597962,0.06642805572880588
-0.73758195902833,2.07488931017253,0.7525217206017099,-2.9151327867181323,-0.7370976419051081,0.06597773932718005
-0.7328834116577172,2.0517628938783243,0.7446665506767653,-2.8831349305666576,-0.7324178070846062,0.0655054933142279
-0.7279392823604952,2.0289384241376758,0.7352277156342941,-2.849815524655565,-0.72749279122654,0.06500983594093888
-0.7227351674031783,2.0064504639093794,0.7241622873745894,-2.8151645141135893,-0.7223081884375683,0.0644892218313075
-0.7172550741322095,1.9843332334129584,0.7114295776338077,-2.779173714853987,-0.7168480042721849,0.06394205075105146
-0.7114811459716561,1.9626202576510583,0.6969916133388205,-2.741836952003796,-0.711094380992139,0.06336667868875423
-0.7053933372048514,1.9413439487952098,0.680813726773972,-2.7031502512441405,-0.7050272726365803,0.0627614315402882
-0.6989690291515256,1.9205351131564812,0.6628652886952994,-2.663112101426072,-0.6986240615095893,0.06212462171734512
-0.6921825784398317,1.9002223708136834,0.6431206178048687,-2.621723810551424,-0.6918591067764545,0.061454568023052665
-0.6850047875151821,1.8804314744487147,0.6215601051402203,-2.5789899809299426,-0.684703215297942,0.06074961913733668
-0.6774022877976443,1.861184512929015,0.5981715960565469,-2.5349191325311704,-0.6771230250947933,0.06000818100600721
-0.6693368278378538,1.8424989853455565,0.5729520740601372,-2.4895245053592,-0.6690802937626796,0.05922874828742485
-0.6607644638777109,1.824386733639509,0.5459096873198122,-2.442825070654632,-0.6605310891989146,0.058409939710940856
-0.6516346608256932,1.806852728300948,0.5170661464219488,-2.3948467746560804,-0.6514248905832506,0.05755053663983686
-0.6418893317574861,1.7898937143639113,0.4864594952399113,-2.345624024294936,-0.6417036276231387,0.056649523163850586
-0.6314618798418055,1.773496747499444,0.4541472079059247,-2.295201397106823,-0.6313007218164779,0.055706124485849204
-0.6202763672875771,1.7576376868916739,0.42020948390624063,-2.24363551222376,-0.620140254117944,0.05471983800659307
-0.608247034179774,1.7422797679093869,0.3847524891963987,-2.1909969294443346,-0.6081364815858422,0.05369044819493517
-0.5952785409297613,1.727372457909379,0.3479111146987606,-2.1373718442252745,-0.5951940763549033,0.052618012123263586
-0.5812675236656727,1.7128509037664543,0.3098505939588979,-2.082863218321154,-0.5812096758043694,0.051502798070923665
-0.566106327414145,1.6986364010960318,0.2707660602011526,-2.0275908414014463,-0.5660756083111644,0.05034515659366716
-0.5496900656403912,1.6846384232541334,0.2308788943837241,-1.9716896948777336,-0.5496869428660087,0.04914530553946153
-0.5319282974572862,1.670758777696001,0.19042865875758416,-1.9153059608221128,-0.5319531540939222,0.04790302369389049
-0.5127623110586167,1.6568982929900309,0.14965976161165814,-1.8585902112263217,-0.5128153925326199,0.046617279666422894
-0.4921877926662038,1.6429659271382828,0.10880306650665328,-1.8016878835025787,-0.4922691424613989,0.04528587790609475
-0.47028013053884876,1.6288892136709259,0.06805465551137987,-1.7447281979971454,-0.4703895218399961,0.043905273449146534
-0.4472159603310894,1.6146236504125153,0.027556606479548648,-1.687814047060895,-0.447352836828889,0.04247075491485329
-0.42328142353696235,1.600157593007765,-0.012613284474383748,-1.6310164378157301,-0.42344486723081926,0.040977157156284236
-0.3988580774675283,1.5855094975075972,-0.05243651622717523,-1.574376728095144,-0.3990468201367158,0.03942008858474161
-0.37438395363572213,1.570716731885889,-0.09193209989914607,-1.5179174184093678,-0.3745964389274417,0.03779738307516968
-0.3502981777008357,1.5558189388515842,-0.1311239570699915,-1.4616584237547456,-0.3505326649596016,0.036110281225221544
-0.32698604304166035,1.5408417249787856,-0.17000900502934044,-1.4056329526494733,-0.3272407300916766,0.03436389609387836
-0.3047409706194949,1.5257861394300556,-0.2085367699421295,-1.3498974941032102,-0.3050141086338883,0.03256682862153108
-0.28375085143899526,1.5106262641606296,-0.24660508974698453,-1.294533634867302,-0.2840408320222146,0.030730154268697504
-0.26410572599773174,1.4953136532643263,-0.28406933136785467,-1.2396430679605335,-0.2644111329480615,0.02886617829082617
-0.24581790253850336,1.47978544270854,-0.3207587446679597,-1.1853390782022841,-0.24613753142094685,0.0269873069955968
-0.22884555722920064,1.4639730274865377,-0.35649375051891874,-1.131737681304172,-0.22917841139739534,0.025105218200064186
-0.21311395275999617,1.4478093401495324,-0.3911002556001249,-1.0789504015984777,-0.21345922525573582,0.02323036118831781
-0.19853178725751622,1.4312339734313064,-0.42441952384349,-1.0270794130359333,-0.19888883620633097,0.021371729681652133
-0.18500246330691306,1.4141961975585176,-0.45631376315289857,-0.9762149271959697,-0.18537078591093792,0.019536824972574997
-0.1724311402917843,1.3966562955589512,-0.48666833361377126,-0.926434328837422,-0.17281034832597109,0.01773173398861076
-0.16072870450521212,1.3785857204804681,-0.5153916366712779,-0.8778024860897656,-0.16111850267176217,0.01596126646022678
-0.1498136739886517,1.3599665156725367,-0.5424136051687567,-0.8303727420363054,-0.1502138415333655,0.014229114668962733
-0.13961281382799814,1.3407903308147615,-0.5676834814751807,-0.7841882224700224,-0.1400231893090654,0.01253801418631865
-0.13006100080060737,1.321057261102071,-0.5911673462449226,-0.7392832175652595,-0.13048146966552895,0.010889894170257302
-0.12110068850487611,1.300774652934268,-0.6128456813158651,-0.6956844929824447,-0.12153117305574496,0.009286012123044628
-0.11268119037514325,1.2799559591316625,-0.6327111222525782,-0.6534124555933022,-0.11312164170934202,0.0077270716899877885
-0.10475790879684266,1.258619686490059,-0.6507664714339327,-0.6124821447321165,-0.10520830035388101,0.006213324044040529
-0.09729158173114255,1.2367884533067033,-0.6670229904746471,-0.5729040476163701,-0.0977519041320552,0.004744654329506772
-0.09024758338701812,1.2144881597208859,-0.6814989611559246,-0.5346847528614233,-0.09071784030808441,0.0033206549701324368
-0.0835952948008708,1.191747265718052,-0.6942184890962801,-0.49782746318640875,-0.08407549967295733,0.0019406876573150478
-0.07730754839190239,1.1685961678745085,-0.7052105185087083,-0.46233239060288855,-0.07779772175870041,0.0006039356873110996
-0.0713601441845296,1.1450666646375394,-0.7145080257693862,-0.4281970567168559,-0.07186031158738108,-0.000690551893294617
-0.06573143222883766,1.12119150002397,-0.7221473617147632,-0.39541651863050997,-0.06624162251351136,-0.0019438230952745093
-0.06040195444710629,1.0970039763853863,-0.7281677160707506,-0.3639835381511868,-0.06092219840984026,-0.0031569917146307023
-0.055354138865182846,1.0725376279191385,-0.7326106813032028,-0.33388870910036095,-0.055884468172593633,-0.0043312111269386035
-0.05057203946269146,1.0478259476707872,-0.7355198969642808,-0.3051205547416128,-0.05111248579369036,-0.005467652444314301
-0.046041115411551835,1.0229021617579865,-0.7369407590424258,-0.27766560485035247,-0.04659170977999357,-0.00656748645297238
-0.041748044107592176,0.9977990453973622,-0.7369201817996426,-0.25150845978493824,-0.042308816332649754,-0.007631868846461916
-0.037680563048207834,0.9725487760224848,-0.7355064020776388,-0.22663184709661902,-0.03825154134593605,-0.008661928346168375
-0.03382733622587111,0.9471828193506467,-0.7327488180980052,-0.2030166747173955,-0.034408546900494774,-0.009658757360598654
-0.03017784127298258,0.921731844706302,-0.7286978564162551,-0.1806420835612559,-0.030769308490441304,-0.010623404881983782
-0.026722274101546373,0.8962256662602656,-0.7234048619680417,-0.1594855014316144,-0.027324019730991952,-0.011556871355942173
-0.023451468231862154,0.8706932071161763,-0.7169220071213405,-0.13952269941199447,-0.02406351174332728,-0.012460105289853902
-0.020356826401554486,0.8451624833872019,-0.7093022163704071,-0.12072785139549903,-0.020979184810037528,-0.013334001390144212
-0.017430262394796375,0.8196606055716306,-0.7005991038204791,-0.1030735970512989,-0.01806295024264883,-0.014179400039297596
-0.014664151336771548,0.7942137946680826,-0.6908669209557768,-0.08653110830580235,-0.015307180707616351,-0.014997087941131564
-0.01205128696525971,0.7688474105793507,-0.6801605123919401,-0.0710701593073992,-0.01270466752377451,-0.01578779977831525
-0.009584844624283608,0.743585990446064,-0.6685352774180412,-0.05665919982388926,-0.010248583677102432,-0.01655222073972079
-0.007258348928106516,0.7184532946337083,-0.6560471351602115,-0.04326543206986295,-0.00793245150186234,-0.01729098978715014
-0.005065645221132416,0.6934723581743674,-0.6427524911738021,-0.03085489105767045,-0.0057501141543099925,-0.018004703541363434
-0.0030008741136411748,0.6686655455427105,-0.6287082032176962,-0.019392528691473933,-0.0036957101594551826,-0.018693920676152446
-0.0010584485076151396,0.6440546067290185,-0.6139715439057575,-0.008842301961206351,-0.0017636504455891362,-0.019359166716434686
0.0007669673563327984,0.6196607326653139,-0.5986001578889063,0.00083273427535039,5.140260202383644e-05,-0.020000939141988704
0.0024804771985749516,0.5955046081691411,-0.582652011218941,0.009670329325493818,0.0017545544356120093,-0.02061971270255627
0.004086970626490979,0.5716064606985695,-0.5661853306031733,0.01770893284263619,0.0033506962671142697,-0.021215944852727042
0.00559113989100285,0.5479861033668999,-0.5492585303969306,0.024987584471716548,0.004844521822039426,-0.021790081216514007
0.006997495612771784,0.5246629708511977,-0.531930125416067,0.03154579632412233,0.00624054306394321,-0.022342560992147473
0.008310381562118314,0.5016561470489775,-0.5142586279967523,0.03742342777132494,0.00754310497345134,-0.022873822207788032
0.009533988530854085,0.4789843835942453,-0.4963024281920726,0.04266055225117399,0.008756399419919953,-0.023384306739106363
0.010672367297141862,0.45666610863737217,-0.4781196565737835,0.047297316066496224,0.009884478126783315,-0.02387446500058637
0.011729440655993848,0.4347194256195189,-0.4597680297930401,0.05137378951643534,0.010931264703158338,-0.0243447602245979
0.012709014467949703,0.41316210212456145,-0.4413046798257852,0.05492981112411958,0.011900565694227655,-0.024795672246352724
0.013614787666730778,0.39201154925889414,-0.4227859686556193,0.05800482618998839,0.012796080591193663,-0.025227700719322427
0.014450361163049204,0.37128479237769146,-0.4042672909883576,0.0606377213821577,0.013621410737988034,-0.02564136769493536
0.01521924558588212,0.350998434327854,-0.38580286839909167,0.06286665754206958,0.01438006707605733,-0.026037219512555762
0.015924867813765033,0.33116861269381265,-0.3674455390308604,0.0647289033008444,0.015075476679787906,-0.026415827960805653
0.01657057626606232,0.3118109527933188,-0.3492465475404098,0.06626067243457405,0.015710988052531395,-0.02677779068886681
0.017159644946460755,0.2929405183586824,-0.3312553403725092,0.06749696810380039,0.016289875175469565,-0.027123730865867675
0.017695276256534366,0.2745717619406323,-0.3135193716019389,0.06847143719874577,0.016815340327146377,-0.027454296106949303
0.018180602624367447,0.2567184770784034,-0.2960839244886523,0.06921623793223171,0.0172905157186175,-0.027770156705069795
0.018618687020025993,0.2393937541887144,-0.27899195354228407,0.06976192358308948,0.01771846401595522,-0.028072003226918447
0.019012522454323052,0.2226099419430322,-0.2622839513023511,0.07013734490332453,0.01810217784648548,-0.028360543548361906
0.01936503057821945,0.20637861563883772,-0.24599784324426,0.07036957318352301,0.018444578406016546,-0.028636499418659235
0.019679059516069203,0.19071055374423213,-0.23016891326841385,0.07048384535433008,0.018748513300175264,-0.028900602652513496
0.019957381075927004,0.17561572342796172,-0.21482976118096436,0.07050353182569258,0.01901675376296827,-0.029153591054421838
0.02020268748394144,0.1611032755025512,-0.20001029249562774,0.07045012707159506,0.019251991399489,-0.02939620418062609
0.02041758778760657,0.14718154883017057,-0.18573773984059785,0.07034326229712277,0.019456834597441637,-0.02962917904045804
0.02060460406491143,0.133858083890192,-0.1720367143000004,0.07020073891332501,0.01963380474442619,-0.029853245831517383
0.02076616756412711,0.1211396449011899,-0.15892928420104888,0.07003858102269919,0.019785332375637996,-0.0300691237926333
0.020904614883238498,0.10903224964041634,-0.1464350782073186,0.06987110470424228,0.019913753360914565,-0.0302775172458036
0.02102218428009363,0.0975412059171406,-0.13457140911135104,0.06971100159224579,0.020021305222142693,-0.030479111884187678
0.021121012185418304,0.08667115353406052,-0.12335341443765407,0.06956943406835941,0.0201101236531285,-0.03067457134863475
0.021203129972022037,0.07642611051014599,-0.11279420985914386,0.06945613932490596,0.020182239295227025,-0.030864534120943986
0.02127046101571741,0.06680952233214427,-0.10290505147571961,0.06937953959580527,0.020239574804238505,-0.031049610748728456
0.021324818067381363,0.057824313041593786,-0.09369550317623772,0.06934685597247568,0.020283942227998886,-0.03123038140487446
0.021367900941670407,0.049472937039389805,-0.08517360557484516,0.06936422340640494,0.02031704070018738,-0.031407393774470486
0.021401294516411602,0.041757430590341794,-0.07734604334935653,0.06943680472817068,0.020340454444393863,-0.031581161253885305
0.02142646702769197,0.034679462125974066,-0.0702183081849652,0.06956890176620563,0.020355651073498078,-0.03175216144042894
0.02144476863907686,0.02824038056641459,-0.06379485491639632,0.06976406191142681,0.020363980162826114,-0.03192083488665312
0.021457430259011947,0.022441261004440872,-0.058079248845347126,0.07002517873268226,0.020366672071178253,-0.03208758409068268
0.0214655625780461,0.01728294721107381,-0.05307430257214034,0.07035458549256535,0.020364836981406842,-0.03225277269281244
0.02147015529676155,0.012766090528590235,-0.048782201009986356,0.0707541406362648,0.020359464131472712,-0.03241672484872914
0.021472076515917624,0.008891184810985043,-0.04520461354037586,0.07122530452326986,0.0203514212075278,-0.03257972475089751
0.021472072262023276,0.005658597152545347,-0.04234279251582457,0.07176920684085208,0.02034145387227851,-0.03274201627166694
0.021470766124099507,0.0030685942121358102,-0.04019765752138831,0.07238670427918269,0.020330185404427124,-0.03290380270431875
0.021468658980559604,0.0011213639946943959,-0.03876986497134107,0.07307842816218453,0.020318116428151612,-0.03306524658141749
0.02146612879874658,-0.00018296700642187562,-0.038059862746222854,0.07384482181840261,0.02030562471519094,-0.033226469553318795
0.021463430493583954,-0.0008443213704973193,-0.03806792967345886,0.07468616754581918,0.020292965046014584,-0.03338755231341355
0.021460695835913507,-0.0008626630540812524,-0.03879419972814871,0.07560260307774808,0.020280269120666633,-0.03354853456057161
0.021457933405333866,-0.00023799446100698644,-0.04023867088621938,0.07659412749822045,0.020267545514108934,-0.03370941499322867
0.02145502858666028,0.001029641715265673,-0.042401198607073774,0.07766059658936696,0.02025467967518761,-0.03387015133358989
0.02145174361345352,0.0029401558839558086,-0.0452814739644771,0.07880170762508598,0.02024143397266783,-0.034030660384468045
0.02144771766637371,0.0054934002062173885,-0.04887898649008959,0.08001697365967804,0.02022744779608239,-0.03419081812529815
0.02144246703835772,0.008689152542826031,-0.0531929718511032,0.08130568740199468,0.020212237723374507,-0.034350459857837155
0.02143538538273627,0.012527095767146224,-0.05822234455900164,0.082666874819736,0.02019519777142547,-0.034509380415917744
0.021425744064320743,0.017006792544007266,-0.06396561600730755,0.08409923868931989,0.020175599749462928,-0.03466733445731687
0.021412692637088487,0.02212765571930786,-0.07042079826847018,0.08560109239831035,0.020152593738936703,-0.03482403685923422
0.02139525947523747,0.027888914521452774,-0.07758529424902523,0.08717028442318721,0.02012520872658315,-0.03497916324194366
0.02137235258688308,0.03428957684530674,-0.0854557750117262,0.08880411404781281,0.02009235341989317,-0.03513235064773859
0.02134276064131086,0.041328387972784715,-0.09402804532554956,0.09049923905862749,0.020052817275833287,-0.03528319840417103
0.021305154241220373,0.04900378618117604,-0.1032968987989063,0.09225157635108261,0.020005271774184288,-0.03543126920158446
0.02125808747051129,0.0573138557994258,-0.11325596428453291,0.09405619660575788,0.019948271965973558,-0.03557609041484386
0.021199999745573257,0.0662562783911596,-0.1238975456091129,0.09590721443721548,0.01988025832488444,-0.0357171556977419
0.02112921799345329,0.07582828286702316,-0.13521245706510565,0.097797675676314,0.01979955892493797,-0.03585392687558387
0.021043959173433838,0.08602659545207599,-0.1471898574902559,0.09971944370680644,0.01970439196090373,-0.03598583615672712
0.020942333149277077,0.09684739054905973,-0.1598170861308163,0.10166308702588862,0.01959286861862431,-0.03611228867722821
0.02082234590760631,0.10828624363641899,-0.1730795038123134,0.10361777041950136,0.01946299629066221,-0.03623266538416817
0.020681903103687026,0.12033808741095048,-0.1869603431980759,0.10557115231804957,0.019312682118482118,-0.036346326252732084
0.0205188138995146,0.13299717241836062,-0.2014405720704012,0.10750929100719374,0.019139736826041986,-0.03645261381990237
0.02033079504110929,0.14625703340063467,-0.2164987735925057,0.10941656239236515,0.018941878791679943,-0.0365508570040332
0.020115475102992574,0.16011046251816194,-0.23211104737517943,0.11127559193787899,0.018716738286279306,-0.03664037516512692
0.019870398808921937,0.1745494904707669,-0.2482509348610639,0.11306720320961532,0.018461861786821562,-0.036720482346009484
0.019593031320224778,0.18956537634262183,-0.26488937204249635,0.1147703851383742,0.01817471625672553,-0.036790491620614846
0.01928076236773782,0.20514860673361038,-0.2819946718496385,0.11636227969166145,0.017852693269060704,-0.036849719463131966
0.018930910091678056,0.22128890442156637,-0.299532537702669,0.1178181911067821,0.017493112837064374,-0.03689749004175167
0.018540724446891248,0.23797524643888374,-0.31746610874900894,0.11911161721943876,0.017093226809529734,-0.03693313933401228
0.018107390029757343,0.2551958910612182,-0.3357560362517701,0.12021430275019977,0.016650221687478064,-0.036956018957961544
0.01762802818814422,0.27293841281713266,-0.35436058951775457,0.12109631372379606,0.016161220723645776,-0.0369654996149678
0.017099698287317132,0.29118974425940064,-0.37323578871752405,0.12172613153466541,0.01562328517783116,-0.03696097404615911
0.01651939802227125,0.30993622291503004,-0.39233556102177014,0.12207076457801079,0.015033414618696223,-0.03694185941494612
0.015884062689715043,0.32916364157328964,-0.41161191571692735,0.1220958748764274,0.01438854618536239,-0.03690759904235788
0.015190563359626518,0.34885729989601266,-0.4310151334162269,0.121765916777694,0.013685552748809159,-0.036857663439169346
0.014435703915347224,0.36900205525300356,-0.45049396418113297,0.12104428459875406,0.012921239942099082,-0.0367915505979894
0.013616216960808973,0.389582370701204,-0.4699958293239631,0.11989346605096383,0.012092342058049727,-0.036708785528467645
0.012728758621918261,0.410582358135952,-0.48946702186723423,0.11827519839642467,0.011195516841369308,-0.03660891903842279
0.011769902294688417,0.4319858148362997,-0.5088529010626058,0.11615062453719932,0.010227339227803845,-0.03649152578196434
0.01073613141398309,0.4537762518889703,-0.5280980769814738,0.11348044660182234,0.009184294104085836,-0.03635620161173571
0.009623831332606534,0.47593691328890636,-0.5471465819300148,0.11022507503411463,0.00806276817831822,-0.03620256028567365
0.008429280410180392,0.498450784858963,-0.5659420262593413,0.10634477167267242,0.006859041060108962,-0.036030229588863046
0.007148640414345261,0.5213005924881939,-0.5844277369829752,0.1017997858010113,0.005569275652852937,-0.03583884693815441
0.005777946333150681,0.5444687895405422,-0.602546878430979,0.09655048261716158,0.004189507956872537,-0.03562805454143792
0.004313095687070974,0.5679375336199527,-0.6202425549231907,0.09055746399196342,0.002715636371697669,-0.03539749418526188
0.002749837412019022,0.5916886531841289,-0.637457896103711,0.08378168173843355,0.0011434105687023277,-0.03514680172440712
0.001083760361134996,0.6157036047713609,-0.6541361261264423,0.07618454388834209,-0.0005315800182724539,-0.034875601345714484
-0.0006897185569793626,0.6399634218406296,-0.6702206183085943,0.06772801466111096,-0.0023139180667729555,-0.03458349967654982
-0.0025753666226686995,0.6644486564251051,-0.6856549371759074,0.0583747089146678,-0.004208370623268626,-0.03427007980638519
-0.004578147995119436,0.6891393149659804,-0.7003828700172731,0.04808798189300117,-0.006219901807309041,-0.03393489528860151
-0.006703236961924097,0.7140147898316338,-0.7143484501598427,0.036832015039454755,-0.008353686076552205,-0.033577464189204556
-0.008956031922229605,0.7390537881413834,-0.7274959741844513,0.024571898539322214,-0.010615122226619193,-0.033197263250006825
-0.011342170346561207,0.7642342596088431,-0.7397700152428079,0.011273711102671108,-0.013009848368875618,-0.032793722236157986
-0.01386754503628422,0.789533325201945,-0.7511154345307587,-0.0030954026879841216,-0.015543758209077736,-0.032366218541790094
-0.01653832209765409,0.8149272084894158,-0.7614773928342397,-0.018567157346611733,-0.018223019041775302,-0.031914072132959416
-0.019360961151076408,0.8403911716104336,-0.770801363914137,-0.035172053862357784,-0.02105409198099993,-0.031436540913903126
-0.022342238417226788,0.8658994578682744,-0.7790331513505835,-0.05293930978420118,-0.024043755068762378,-0.030932816610704367
-0.025489273459827745,0.8914252430123386,-0.7861189103435228,-0.07189679248745778,-0.027199130040997447,-0.030402021275540776
-0.02880956052198562,0.9169405973382083,-0.7920051758823763,-0.09207095623911393,-0.030527713687672958,-0.029843204524526202
-0.03231100557098184,0.9424164608046396,-0.7966388986722098,-0.11348678376521622,-0.03403741492174603,-0.02925534163250174
-0.036001970367329286,0.9678226334427327,-0.7999674902578837,-0.13616773303728935,-0.037736598872548516,-0.028637332618803378
-0.0398913250999455,0.9931277834202803,-0.8019388789453925,-0.16013568991642174,-0.04163413954521317,-0.027988002468947323
-0.04398851138286712,1.0182994752298942,-0.802501578409424,-0.1854109271012072,-0.04573948284132034,-0.02730610264841309
-0.04830361769267115,1.0433042206020915,-0.8016047713322205,-0.21201206949405207,-0.05006272201968971,-0.02659031407658702
-0.05284746964249632,1.0681075549168142,-0.7991984110822161,-0.23995606560064095,-0.05461468799297617,-0.025839251742088176
-0.057631737841024405,1.0926741421158381,-0.7952333453610464,-0.26925816387649176,-0.05940705720820388,-0.025051471156164146
-0.06266906647508975,1.1169679114260134,-0.7896614669830431,-0.29993189199456755,-0.06445248024968274,-0.02422547686013178
-0.06797322618294242,1.1409522296160939,-0.7824358985705517,-0.33198903578583894,-0.06976473473109152,-0.023359733228018986
-0.07355929524753536,1.1645901130593412,-0.7735112200283623,-0.365439613052834,-0.07535890650580569,-0.022452677839323313
-0.0794438736229223,1.1878444845940352,-0.762843750283439,-0.40029183552391195,-0.08125160370815382,-0.02150273774244239
-0.08564533478327747,1.2106784810970315,-0.7503918980214807,-0.43655204985368623,-0.08746120861450642,-0.02050834899069417
-0.09218412079570427,1.233055818835092,-0.7361166000808096,-0.47422464574248085,-0.094008172724413,-0.019467979914101322
-0.09908308625722172,1.2549412250358203,-0.7199818707909421,-0.5133119159295747,-0.10091536070067822,-0.018380158695314293
-0.10636789660991905,1.27630094568001,-0.7019554907859,-0.5538138490481397,-0.10820844868002784,-0.017243505950303432
-0.1140674855198504,1.2971033411321653,-0.6820098694199331,-0.5957278322495929,-0.11591638163635024,-0.01605677317451831
-0.12221457390231032,1.317319582624671,-0.660123120293003,-0.6390482364208575,-0.12407189237375123,-0.01481888809913883
-0.1308462488430686,1.3369244632864146,-0.6362803934632385,-0.6837658533308377,-0.13271208039100646,-0.013529008197376144
-0.14000459253651149,1.3558973364779299,-0.6104755087639953,-0.7298671522215168,-0.1418790407267278,-0.012186583760635897
-0.1497373369265063,1.374223190214582,-0.5827129290718296,-0.7773333249901014,-0.15162051845442623,-0.010791432078416879
-0.16009849507438104,1.3918938571618316,-0.5530100953835282,-0.8261390970124852,-0.16199053982850461,-0.009343824217216771
-0.1711488795045418,1.4089093417166045,-0.5214001097187192,-0.8762512990356788,-0.17304993029963525,-0.007844585560924109
-0.1829563525786477,1.4252792144188609,-0.48793468690323183,-0.927627230221288,-0.1848665644077455,-0.006295210429130561
-0.19559555379690785,1.4410239736735329,-0.45268718956399456,-0.9802129005051851,-0.19751509239689563,-0.004697989409774998
-0.20914670337084731,1.456176199966172,-0.4157553998101623,-1.0339413289824848,-0.21107574283253439,-0.003056145092367806
-0.223692887358445,1.470781226461812,-0.37726346130373767,-1.0887311969536777,-0.2256316064474127,-0.001373967142493408
-0.23931500856163465,1.4848969311359443,-0.33736216519967205,-1.1444862999590109,-0.24126358537298012,0.00034306936437105
-0.2560834182258983,1.4985921527528272,-0.2962265219998195,-1.2010963758328927,-0.2580420228189662,0.0020882278041280786
-0.2740453108742187,1.511943221847027,-0.25404951555717614,-1.2584399224679355,-0.27601409569720625,0.0038535121139942046
-0.2932075938473695,1.5250283082020784,-0.21103134237742277,-1.316389418919774,-0.2951866821643052,0.0056297913824883755
-0.3135165346524154,1.5379198742411184,-0.16736461819236725,-1.3748187594276993,-0.3155060079021522,0.007407089291092968
-0.33483819597095565,1.5506765499249455,-0.12321810885596252,-1.4336116361133933,-0.33683808196402254,0.009175057677323758
-0.3569467527456355,1.5633369399094144,-0.07872397267115808,-1.4926683399877525,-0.35895701750788606,0.010923600437091998
-0.37952910134773193,1.575918454220294,-0.03397471319951557,-1.5519077985634306,-0.38154964760923893,0.012643538891621724
-0.4022109519486338,1.588423208546859,0.01096599353497927,-1.6112626740087466,-0.40424162612120923,0.014327150244203847
-0.4246012659834136,1.6008501355552838,0.056040197005989,-1.6706682643332689,-0.4266418730065251,0.015968421704378552
-0.4463426210759206,1.6132091430285809,0.10116849210302281,-1.7300493163729616,-0.4483929438333649,0.01756296629405554
-0.4671516236643579,1.625531865009475,0.14622956609857027,-1.7893102133158922,-0.46921144232821776,0.019107688734636703
-0.4868387576146287,1.6378753656617766,0.19105369668353184,-1.8483321990030808,-0.4889078649787065,0.020600375391353017
-0.5053068872925255,1.6503186407535977,0.2354304756204582,-1.9069777627402777,-0.5073850982367055,0.022039362631425807
-0.5225352039725815,1.6629544838222945,0.27912557694533835,-1.9650995133825582,-0.5246223593151192,0.023423350642139434
-0.538557440873684,1.6758800185262985,0.3218999103782368,-2.0225501096034106,-0.5406534071136369,0.02475134640906436
-0.5534410440100369,1.6891883846067481,0.36352615178838,-2.0791906689541406,-0.5555457107343008,0.026022680634806214
-0.5672706295025762,1.7029627658589577,0.40380029183418664,-2.1348964601114346,-0.56938390590421,0.02723704531614342
-0.5801364372272246,1.7172729070874206,0.44254797930612944,-2.1895598029047347,-0.5822582486660156,0.028394519072380404
-0.5921271045867671,1.7321737014367016,0.47962659781341066,-2.2430907117427856,-0.5942573896666387,0.029495567908951567
-0.6033256421674389,1.7477052498155314,0.5149243768064427,-2.2954160050481414,-0.6054643504919865,0.030541022384371137
-0.6138075517232315,1.7638938332292515,0.5483577416251059,-2.346477544315475,-0.6159546423122603,0.03153203797788736
-0.6236402654875656,1.780753364141221,0.5798678287448533,-2.396230108895947,-0.6257957057548467,0.032470046395184415
-0.6328833378898102,1.7982870186239293,0.6094167928792743,-2.444639244150715,-0.6350471030568309,0.03335670416310712
-0.6415890239985992,1.8164888642818309,0.6369842830226009,-2.49167928043271,-0.643761096823023,0.03419384283252907
-0.6498030232114711,1.8353453815266425,0.6625642831089495,-2.537331618765349,-0.6519833939254309,0.03498342326682903
-0.6575652614314166,1.8548368306676033,0.686162393495678,-2.5815833126835206,-0.6597539278045523,0.035727495128706946
-0.664910643933811,1.8749384508921185,0.707793557645697,-2.624425936417719,-0.6671076113948986,0.03642816179727886
-0.6718697462740347,1.8956214960277467,0.7274801996708782,-2.665854709163335,-0.6740750280415366,0.03708755045011315
-0.6784694306849494,1.916854121221269,0.7452507210067222,-2.7058678368219176,-0.6806830478705205,0.037707786812137
-0.6847333863634087,1.938602138122779,0.7611382998654677,-2.7444660314170344,-0.6869553680235219,0.038290974004198196
-0.690682597609329,1.9608296563620131,0.7751799395177342,-2.7816521710769977,-0.6929129807291345,0.038839174944956215
-0.6963357462746587,1.9834996276624999,0.7874157172525873,-2.817431067963999,-0.6985745756753354,0.03935439782226812
-0.7017095557879012,2.0065743068257804,0.7978881928989765,-2.851809316585506,-0.7039568839543907,0.03983858422515058
-0.7068190839509054,2.030015641580849,0.8066419428516892,-2.8847951998725683,-0.70907497078134,0.04029359959886895
-0.7116779712179649,2.053785601216479,0.8137231920219692,-2.9163986349160753,-0.7139424836994541,0.04072122574641254
-0.716298650515598,2.077846452120993,0.8191795217698964,-2.9466311441818154,-0.7185718623335169,0.04112315514735341
-0.7206925239774404,2.1021609868793005,0.8230596366141973,-2.975505841355281,-0.7229745150670702,0.041500986900466524
-0.7248701113168748,2.126692712406265,0.8254131764003884,-3.003037423730912,-0.7271609673673008,0.04185622412146689
-0.7288411739672089,2.1514060016914254,0.8262905637322283,-3.029242165316206,-0.7311409858878805,0.04219027264421352
-0.7326148185924423,2.17626621304751,0.8257428789420411,-3.054137906634371,-0.7349236819528383,0.04250444088511693
-0.7361995831083555,2.2012397802488324,0.8238217567988046,-3.077744038644056,-0.7385175975608597,0.04279994073833478
-0.739603507947291,2.226294276574706,0.8205793006258528,-3.100081479309513,-0.7419307766427536,0.04307788937530548
-0.7428341949429901,2.2513984555025814,0.8160680106068862,-3.121172642200692,-0.7451708239476106,0.043339311827470764
-0.7458988558971247,2.2765222705973387,0.8103407238710594,-3.1410413971246802,-0.7482449536183018,0.04358514423649154
-0.7488043526106044,2.3016368769948627,0.8034505645244683,-3.1597130232255264,-0.7511600292383336,0.04381623766233734
-0.7515572299154295,2.326714616762866,0.795450902185038,-3.177214155271349,-0.7539225968847268,0.044033362346521776
-0.7541637430228576,2.351728990327701,0.7863953178203478,-3.19357272400352,-0.7565389125016087,0.044237212335452324
-0.7566298803079172,2.3766546160740765,0.7763375758157177,-3.208817891476597,-0.7590149647135143,0.04442841037720289
-0.758961382476337,2.401467180149463,0.7653316012394721,-3.222979982290306,-0.7613564940235121,0.04460751301375945
-0.7611637589057603,2.4261433784328665,0.7534314612457538,-3.2360904115244806,-0.7635690091871534,0.044775015799640674
-0.7632423018169002,2.450660852556259,0.7406913494812644,-3.2481816100505743,-0.7656578014171435,0.04493135858646195
-0.7652020988104818,2.4749981217948447,0.7271655722571502,-3.259286947723753,-0.7676279569539273,0.04507693082121279
-0.7670480442009038,2.499134512568248,0.7129085351256911,-3.2694406547709067,-0.7694843684325844,0.04521207681351137
-0.7687848494861257,2.5230500872174995,0.6979747283773003,-3.278677741494647,-0.7712317453850931,0.04533710093369227
-0.770417053213949,2.546725573640763,0.6824187098600204,-3.287033916223129,-0.7728746241378046,0.0454522727091337
-0.7719490304363389,2.570142297282116,0.6662950834344712,-3.294545501261495,-0.7744173772955195,0.04555783179066017
-0.7733850018845048,2.59328211686984,0.6496584713252861,-3.301249346453563,-0.7758642229447223,0.04565399276414527
-0.7747290429470218,2.616127365190514,0.632563478628462,-3.307182739852078,-0.7772192336581615,0.04574094978462903
-0.7759850924904049,2.63866079605957,0.615064648295119,-3.3123833149316244,-0.7784863453401478,0.04581888101145574
-0.7771569615254191,2.660865538504446,0.5972164050469916,-3.3168889537681383,-0.779669365915876,0.04588795282328745
-0.778248341692451,2.6827250590101834,0.5790729868964072,-3.3207376856590893,-0.7807719838381466,0.0459483237915658
-0.7792628135150002,2.7042231324872534,0.5606883632490669,-3.3239675807725986,-0.781797776360632,0.04600014839033185
-0.7802038543515247,2.725343822406709,0.5421161389626388,-3.3266166385928115,-0.7827502175080322,0.04604358041955926
-0.7810748459623419,2.7460714703097806,0.5234094442132811,-3.328722671169498,-0.7836326856599384,0.046078776118617076
-0.7818790815999794,2.7663906946410193,0.50462081057436,-3.3303231814747547,-0.7844484706569335,0.04610589694646333
-0.7826197725283117,2.786286398582128,0.4858020343182621,-3.3314552375065567,-0.7852007803343826,0.04612511200596926
-0.7833000538779153,2.8057437862863,0.4670040285875784,-3.332155343141037,-0.7858927463914746,0.04613660009162978
-0.7839229897522361,2.8247483866410525,0.4482766667140613,-3.332459307101871,-0.7865274295102163,0.046140551343003565
-0.7844915775110813,2.8432860834340676,0.4296686195559661,-3.3324021117621996,-0.787107823650982,0.046137168490628586
-0.7850087511741204,2.8613431505749847,0.41122719023795085,-3.3320177837970126,-0.7876368594673854,0.04612666768684784
-0.7854773839068134,2.87890629084993,0.39299815007495387,-3.3313392689371946,-0.788117406802946,0.046109278920811896
-0.7859002895735125,2.895962676566685,0.37502557970933437,-3.330398313219063,-0.7885522762543377,0.04608524602463631
-0.7862802233662868,2.912499990395973,0.3573517195641113,-3.329225353158652,-0.7889442198097871,0.046054826285921
-0.7866198815420239,2.928506464733568,0.34001683360046475,-3.327849417198841,-0.789295930595181,0.046018289690149254
-0.7869219003232707,2.9439709179993714,0.32305909006397987,-3.3262980405786977,-0.789610041783334,0.04597591782440032
-0.7871888540388485,2.958882786448835,0.306514462424344,-3.324597195465776,-0.7898891247424342,0.045928002480862755
-0.787423252597418,2.973232150289929,0.2904166530832816,-3.3227712377896905,-0.7901356865168129,0.04587484400440543
-0.7876275384000668,2.987009753162176,0.274797041682137,-3.3208428717421206,-0.7903521667460852,0.045816749432616675
-0.787804082806112,3.0002070143270307,0.25968465902777904,-3.31883313239221,-0.7905409341368232,0.045754030479043896
-0.7879551822694832,3.0128160332238636,0.24510618682087246,-3.316761386337249,-0.7907042826041103,0.045687001410774294
-0.7880830542614596,3.024829586345852,0.23108598256053925,-3.314645349796014,-0.7908444271987285,0.045615976870045635
-0.7881898330896252,3.036241116669681,0.21764612825573001,-3.312501123082752,-0.7909634999298417,0.045541269686439886
-0.7882775657134059,3.047044716119442,0.20480650092999905,-3.3103432399950177,-0.7910635455835409,0.04546318872166748
-0.7883482076443135,3.057235101749207,0.19258486238666944,-3.30818473032365,-0.7911465176253919,0.04538203678333824
-0.7884036190049878,3.066807586485163,0.1809969653186842,-3.3060371934564308,-0.7912142742611024,0.045298108637811633
-0.7884455608062088,3.0757580453752236,0.17005667260446578,-3.3039108809001814,-0.7912685747145165,0.04521168914560075
-0.7884756914861083,3.0840828783535224,0.15977608652141917,-3.301814785485012,-0.7913110757672065,0.0451230515362174
-0.7884955637415421,3.0917789705433965,0.15016568461864327,-3.2997567350304378,-0.7913433285896738,0.04503245583308764
-0.7885066216685636,3.0988436511018076,0.1412344591012914,-3.2977434883340018,-0.7913667758811526,0.0449401474334741
-0.7885101982175503,3.105274651557792,0.13299005676941156,-3.295780831475182,-0.7913827493236237,0.04484635584337909
-0.7885075129590104,3.1110700645253644,0.12543891680185512,-3.2938736725962943,-0.7913924673461242,0.044751293563272454
-0.7884996701485306,3.1162283035845855,0.11858640395979342,-3.292026133514243,-0.7913970331878654,0.0446551551172308
-0.7884876570736825,3.1207480650300283,0.1124369350855678,-3.2902416367200136,-0.7913974332430336,0.04455811621568188
-0.7884723426618739,3.124628292089334,0.1069940970750736,-3.288522986526332,-0.7913945356663116,0.044460333040371704
-0.7884544763259407,3.127868142120429,0.10226075479311346,-3.286872443319951,-0.7913890892159573,0.04436194163934008
-0.7884346870235038,3.130466957207613,0.09823914767209643,-3.285291790057522,-0.7913817223105112,0.04426305741951294
-0.7884134825065637,3.1324242384962933,0.094930973979344,-3.283782390309327,-0.7913729422756363,0.04416377472490176
-0.7883912487392277,3.133739624534835,0.09233746195429134,-3.2823452373014588,-0.7913631347590213,0.04406416648924648
-0.7883682494636871,3.1344128738299535,0.0904594272037569,-3.280980993534099,-0.7913525632934844,0.04396428395315812
-0.788344625897385,3.1344438517690265,0.0892973159029808,-3.279690020662656,-0.7913413689912421,0.0438641564373312
-0.7883203965475829,3.1338325220173875,0.08885123348571666,-3.2784723994218714,-0.7913295703555643,0.04376379116513003
-0.7882954571331283,3.132578942459852,0.08912095862292425,-3.277327939453664,-0.7913170631996248,0.043663173129747185
-0.788269580607007,3.130683265721446,0.09010594239205084,-3.2762561789711158,-0.7913036206661412,0.04356226500313269
-0.7882424172771579,3.12814574427077,0.09180529263355174,-3.275256374257618,-0.7912888933452764,0.04346100708595057
-0.7882134950269345,3.1249667400784134,0.0942177435845247,-3.2743274790659367,-0.7912724094921814,0.043359317299893736
-0.7881822196404118,3.121146738770391,0.09734161097750174,-3.2734681140511763,-0.7912535753493761,0.04325709122573437
-0.7881478752414088,3.116686368180586,0.10117473290174006,-3.2726765264482616,-0.7912316755828199,0.04315420219246191
-0.7881096248584689,3.111586421164858,0.10571439685053192,-3.271950540292563,-0.7912058738438996,0.04305050142471391
-0.7880665111310312,3.1058478824911315,0.11095725352613038,-3.271287497584896,-0.7911752134725557,0.04294581825738043
-0.7880174571744799,3.0994719595632487,0.11689921814784339,-3.270684190921975,-0.7911386183592062,0.042839960427694126
-0.7879612676235004,3.092460116670842,0.1235353602112523,-3.270136788252196,-0.7910948939848795,0.042732714456229406
-0.78789662987403,3.0848141123828134,0.13085978287810052,-3.2696407505748466,-0.7910427286598207,0.04262384612894011
-0.7878221155438542,3.076536039618949,0.1388654934356534,-3.2691907435774197,-0.7909806949805911,0.04251310109257129
-0.787736182170342,3.0676283678442187,0.14754426654702157,-3.2687805443979503,-0.7909072515241389,0.04240020557538909
-0.7876371751607469,3.058093986736248,0.1568865023127531,-3.2684029449023235,-0.7908207447942368,0.04228486724408645
-0.7875233300057136,3.047936250581897,0.1668810814682529,-3.2680496530733008,-0.7907194114309054,0.04216677620585193
-0.787392774759993,3.037159022569066,0.17751522033716696,-3.2677111943094337,-0.7906013806868015,0.04204560616186574
-0.7872435327858042,3.025766718060693,0.18877432843040798,-3.267376814616631,-0.790464677165991,0.04192101571487041
-0.7870735257438174,3.0137643458764285,0.20064187180395343,-3.267034387829909,-0.7903072238100635,0.04179264982895441
-0.7868805768045284,3.0011575465712284,0.21309924544415634,-3.2666703291136256,-0.7901268451043443,0.04166014143434208
-0.786662414039148,2.9879526266965035,0.22612565801501686,-3.266269517040874,-0.7899212704633178,0.0415231131639185
-0.7864166739345049,2.974156588065484,0.23969803225715383,-3.2658152265334306,-0.789688137739752,0.04138117920162228
-0.7861409049614926,2.9597771511255164,0.25379092415623694,-3.265289074841724,-0.7894249967870525,0.04123394721596721
-0.7858325711120363,2.944822771669414,0.26837646368847734,-3.264670982552596,-0.7891293129898204,0.041081020345125174
-0.7854890553062834,2.929302650296016,0.2834243194995676,-3.263939151329263,-0.7887984706643216,0.0409219991935821
-0.7851076625606698,2.9132267342536955,0.2989016892881068,-3.2630700597171693,-0.7884297762195214,0.04075648379475799
-0.7846856227995328,2.8966057115624615,0.3147733169626523,-3.2620384779025886,-0.7880204609613612,0.04058407548954418
-0.7842200931888462,2.8794509975999603,0.3310015368513286,-3.260817501805829,-0.7875676834188562,0.04040437866780237
-0.7837081598709774,2.8617747146397616,0.3475463444020305,-3.2593786063517083,-0.7870685310709205,0.04021700231876022
-0.7831468389844423,2.8435896651304833,0.3643654919642448,-3.257691717214942,-0.7865200213578912,0.040021561337093496
-0.7825330768623914,2.8249092997838887,0.3814146074384489,-3.255725299817775,-0.7859191018714925,0.03981767753434205
-0.7818637493176427,2.805747681781862,0.398647332863348,-3.253446463891493,-0.7852626496310432,0.03960498031006691
-0.7811356599397078,2.7861194486008243,0.4160154794273797,-3.250821081529406,-0.7845474693713529,0.03938310694358281
-0.7803455373494155,2.7660397730757365,0.43346919497255265,-3.2478139163772473,-0.7837702907879032,0.03915170247484916
-0.7794900313781408,2.745524325376692,0.4509571398274729,-3.244388761441376,-0.7829277647063101,0.038910419151736916
-0.7785657081598831,2.724589237546727,0.46842666677034445,-3.2405085829500453,-0.7820164581643114,0.03865891542993883
-0.7775690441440851,2.7032510721521787,0.4858240010758144,-3.2361356677741133,-0.7810328484141597,0.03839685452078093
-0.7764964190537538,2.6815267964337934,0.5030944169230166,-3.2312317720884147,-0.7799733158699935,0.03812390249069734
-0.7753441078259374,2.6594337631283937,0.5201824069069387,-3.2257582692144875,-0.7788341360372557,0.03783972592380028
-0.7741082715788876,2.636989698870349,0.5370318419651425,-3.2196762949059616,-0.7776114704685123,0.03754398916556752
-0.772784947651488,2.6142127007935114,0.5535861196673458,-3.2129468886940953,-0.7763013567913103,0.03723635117105558
-0.771370038755166,2.5911212416516776,0.5697882994770604,-3.2055311302771567,-0.7748996978483544,0.03691646198521606
-0.7698593012660728,2.567734183471727,0.5855812242462953,-3.1973902702905352,-0.7734022499778938,0.036583958885939814
-0.7682483326655062,2.544070799459046,0.6009076278158054,-3.1884858551148887,-0.7718046104424188,0.036238462222556785
-0.7665325581090539,2.5201508035978306,0.6157102291411743,-3.1787798456526706,-0.7701022039863168,0.03587957098391584
-0.7647072160694584,2.4959943871347545,0.6299318138335276,-3.1682347302190936,-0.7682902684676949,0.03550685813112896
-0.7627673429543047,2.4716222609062752,0.64351530438488,-3.1568136318474154,-0.7663638394657218,0.03511986573086323
-0.7607077565467677,2.4470557022680937,0.6564038206409415,-3.14448041040028,-0.764317733712029,0.03471809992596046
-0.7585230380550313,2.422316605208902,0.6685407322934341,-3.13119975991274,-0.7621465311321345,0.03430102578138176
-0.7562075124826367,2.397427532077038,0.6798697052991332,-3.116937301575897,-0.7598445552095537,0.03386806204518336
